<?xml version='1.0' encoding='UTF-8' standalone='no'?>
<doxygen xmlns:xsi="http://www.w3.org/2001/XMLSchema-instance" xsi:noNamespaceSchemaLocation="compound.xsd" version="1.8.17">
  <compounddef id="classStack" kind="class" language="C++" prot="public">
    <compoundname>Stack</compoundname>
    <includes refid="stack_8h" local="no">stack.h</includes>
      <sectiondef kind="private-attrib">
      <memberdef kind="variable" id="classStack_1ae4c08969fee2569b26610c0a3786af53" prot="private" static="no" mutable="no">
        <type><ref refid="structStackElem" kindref="compound">StackElem</ref> *</type>
        <definition>StackElem* Stack::head</definition>
        <argsstring></argsstring>
        <name>head</name>
        <briefdescription>
        </briefdescription>
        <detaileddescription>
        </detaileddescription>
        <inbodydescription>
        </inbodydescription>
        <location file="stack.h" line="20" column="13" bodyfile="stack.h" bodystart="20" bodyend="-1"/>
      </memberdef>
      </sectiondef>
      <sectiondef kind="public-func">
      <memberdef kind="function" id="classStack_1a14cd1cba325bead4ff0a91bc6eb0f6f5" prot="public" static="no" const="no" explicit="no" inline="no" virt="non-virtual">
        <type></type>
        <definition>Stack::Stack</definition>
        <argsstring>()</argsstring>
        <name>Stack</name>
        <briefdescription>
        </briefdescription>
        <detaileddescription>
        </detaileddescription>
        <inbodydescription>
        </inbodydescription>
        <location file="stack.h" line="13" column="3"/>
      </memberdef>
      <memberdef kind="function" id="classStack_1a14cd1cba325bead4ff0a91bc6eb0f6f5" prot="public" static="no" const="no" explicit="no" inline="no" virt="non-virtual">
        <type></type>
        <definition>Stack::Stack</definition>
        <argsstring>()</argsstring>
        <name>Stack</name>
        <briefdescription>
        </briefdescription>
        <detaileddescription>
        </detaileddescription>
        <inbodydescription>
        </inbodydescription>
        <location file="stack.h" line="14" column="3"/>
      </memberdef>
      <memberdef kind="function" id="classStack_1a4140b49e86ca78412f6a82c63b1c2865" prot="public" static="no" const="no" explicit="no" inline="no" virt="non-virtual">
        <type>void</type>
        <definition>void Stack::PUSH</definition>
        <argsstring>(int x)</argsstring>
        <name>PUSH</name>
        <param>
          <type>int</type>
          <declname>x</declname>
        </param>
        <briefdescription>
        </briefdescription>
        <detaileddescription>
        </detaileddescription>
        <inbodydescription>
        </inbodydescription>
        <location file="stack.h" line="16" column="8"/>
      </memberdef>
      <memberdef kind="function" id="classStack_1a804d828b172c6651b2535c4c2f55fc67" prot="public" static="no" const="no" explicit="no" inline="no" virt="non-virtual">
        <type>int</type>
        <definition>int Stack::POP</definition>
        <argsstring>()</argsstring>
        <name>POP</name>
        <briefdescription>
        </briefdescription>
        <detaileddescription>
        </detaileddescription>
        <inbodydescription>
        </inbodydescription>
        <location file="stack.h" line="17" column="7"/>
      </memberdef>
      </sectiondef>
    <briefdescription>
    </briefdescription>
    <detaileddescription>
    </detaileddescription>
    <location file="stack.h" line="11" column="1" bodyfile="stack.h" bodystart="10" bodyend="21"/>
    <listofallmembers>
      <member refid="classStack_1ae4c08969fee2569b26610c0a3786af53" prot="private" virt="non-virtual"><scope>Stack</scope><name>head</name></member>
      <member refid="classStack_1a804d828b172c6651b2535c4c2f55fc67" prot="public" virt="non-virtual"><scope>Stack</scope><name>POP</name></member>
      <member refid="classStack_1a4140b49e86ca78412f6a82c63b1c2865" prot="public" virt="non-virtual"><scope>Stack</scope><name>PUSH</name></member>
      <member refid="classStack_1a14cd1cba325bead4ff0a91bc6eb0f6f5" prot="public" virt="non-virtual"><scope>Stack</scope><name>Stack</name></member>
      <member refid="classStack_1a14cd1cba325bead4ff0a91bc6eb0f6f5" prot="public" virt="non-virtual"><scope>Stack</scope><name>Stack</name></member>
    </listofallmembers>
  </compounddef>
</doxygen>
