<?xml version='1.0' encoding='UTF-8' standalone='no'?>
<doxygenindex xmlns:xsi="http://www.w3.org/2001/XMLSchema-instance" xsi:noNamespaceSchemaLocation="index.xsd" version="1.8.17">
  <compound refid="main_8c" kind="file"><name>main.c</name>
    <member refid="main_8c_1ae66f6b31b5ad750f1fe042a706a4e3d4" kind="function"><name>main</name></member>
  </compound>
  <compound refid="parser_8c" kind="file"><name>parser.c</name>
    <member refid="parser_8c_1a856b43fb767d7c151e90b5fe260af1a2" kind="function"><name>parse</name></member>
  </compound>
  <compound refid="parser_8h" kind="file"><name>parser.h</name>
    <member refid="parser_8h_1a856b43fb767d7c151e90b5fe260af1a2" kind="function"><name>parse</name></member>
  </compound>
  <compound refid="stack_8c" kind="file"><name>stack.c</name>
    <member refid="stack_8c_1a2b7cf2a3641be7b89138615764d60ba3" kind="define"><name>EMPTY</name></member>
    <member refid="stack_8c_1afceb75332628ecda1b4793a63b70f00c" kind="define"><name>STACK_EMPTY</name></member>
    <member refid="stack_8c_1aae2740822e2c94e7aeb4314eb76e125a" kind="variable"><name>mystack</name></member>
    <member refid="stack_8c_1af93f4f37fc2ad9c37af4a715423b110c" kind="variable"><name>top</name></member>
    <member refid="stack_8c_1ad4111f6b42d6c96ca3dba8841bfaaff1" kind="function"><name>PUSH</name></member>
    <member refid="stack_8c_1ac9c76201d1930e75c9196dd2c01ce308" kind="function"><name>POP</name></member>
    <member refid="stack_8c_1aba79cb558dcc94742a2c64f7f2a19a4f" kind="function"><name>PRINT_STACK</name></member>
    <member refid="stack_8c_1af47e5cb287f1c5734a65d00b47cb8313" kind="function"><name>STACK_SIZE</name></member>
  </compound>
</doxygenindex>
