<?xml version='1.0' encoding='UTF-8' standalone='no'?>
<doxygen xmlns:xsi="http://www.w3.org/2001/XMLSchema-instance" xsi:noNamespaceSchemaLocation="compound.xsd" version="1.8.17">
  <compounddef id="parser_8h" kind="file" language="C++">
    <compoundname>parser.h</compoundname>
      <sectiondef kind="func">
      <memberdef kind="function" id="parser_8h_1a856b43fb767d7c151e90b5fe260af1a2" prot="public" static="no" const="no" explicit="no" inline="no" virt="non-virtual">
        <type>int</type>
        <definition>int parse</definition>
        <argsstring>(char *line)</argsstring>
        <name>parse</name>
        <param>
          <type>char *</type>
          <declname>line</declname>
        </param>
        <briefdescription>
<para>Esta é a função que vai fazer o parse de uma linha. </para>
        </briefdescription>
        <detaileddescription>
<para><parameterlist kind="param"><parameteritem>
<parameternamelist>
<parametername>line</parametername>
</parameternamelist>
<parameterdescription>
<para>A linha que foi lida e da qual se vai fazer o parse </para>
</parameterdescription>
</parameteritem>
</parameterlist>
<simplesect kind="return"><para>O tamanho da stack que foi criada </para>
</simplesect>
</para>
        </detaileddescription>
        <inbodydescription>
        </inbodydescription>
        <location file="parser.h" line="1" column="5" bodyfile="parser.c" bodystart="22" bodyend="90" declfile="parser.h" declline="1" declcolumn="5"/>
      </memberdef>
      </sectiondef>
    <briefdescription>
    </briefdescription>
    <detaileddescription>
    </detaileddescription>
    <programlisting>
<codeline lineno="1"><highlight class="keywordtype">int</highlight><highlight class="normal"><sp/><ref refid="parser_8h_1a856b43fb767d7c151e90b5fe260af1a2" kindref="member">parse</ref>(</highlight><highlight class="keywordtype">char</highlight><highlight class="normal"><sp/>*line);</highlight></codeline>
    </programlisting>
    <location file="parser.h"/>
  </compounddef>
</doxygen>
