<?xml version='1.0' encoding='UTF-8' standalone='no'?>
<doxygen xmlns:xsi="http://www.w3.org/2001/XMLSchema-instance" xsi:noNamespaceSchemaLocation="compound.xsd" version="1.8.17">
  <compounddef id="stack_8h" kind="file" language="C++">
    <compoundname>stack.h</compoundname>
    <includedby refid="main_8c" local="yes">main.c</includedby>
    <includedby refid="parser_8c" local="yes">parser.c</includedby>
    <invincdepgraph>
      <node id="2">
        <label>main.c</label>
        <link refid="main_8c"/>
      </node>
      <node id="3">
        <label>parser.c</label>
        <link refid="parser_8c"/>
        <childnode refid="2" relation="include">
        </childnode>
      </node>
      <node id="1">
        <label>stack.h</label>
        <link refid="stack_8h"/>
        <childnode refid="2" relation="include">
        </childnode>
        <childnode refid="3" relation="include">
        </childnode>
      </node>
    </invincdepgraph>
    <innerclass refid="structStackElem" prot="public">StackElem</innerclass>
    <innerclass refid="classStack" prot="public">Stack</innerclass>
    <briefdescription>
    </briefdescription>
    <detaileddescription>
    </detaileddescription>
    <programlisting>
<codeline lineno="1" refid="structStackElem" refkind="compound"><highlight class="keyword">struct<sp/></highlight><highlight class="normal"><ref refid="structStackElem" kindref="compound">StackElem</ref></highlight></codeline>
<codeline lineno="2"><highlight class="normal">{</highlight></codeline>
<codeline lineno="3" refid="structStackElem_1af7df7215221d556415d62bf790922992" refkind="member"><highlight class="normal"><sp/><sp/><ref refid="structStackElem_1af7df7215221d556415d62bf790922992" kindref="member">StackElem</ref>(</highlight><highlight class="keywordtype">int</highlight><highlight class="normal"><sp/>d,<sp/><ref refid="structStackElem" kindref="compound">StackElem</ref><sp/>*n)<sp/></highlight></codeline>
<codeline lineno="4"><highlight class="normal"><sp/><sp/><sp/><sp/>{<sp/><ref refid="structStackElem_1a10738a73416aebcfd5ac662aee983903" kindref="member">data</ref><sp/>=<sp/>d;<sp/><ref refid="structStackElem_1ac0bd15f0c18b20c41b2954494fc3b048" kindref="member">next</ref><sp/>=<sp/>n;<sp/>}</highlight></codeline>
<codeline lineno="5" refid="structStackElem_1a10738a73416aebcfd5ac662aee983903" refkind="member"><highlight class="normal"><sp/><sp/></highlight><highlight class="keywordtype">int</highlight><highlight class="normal"><sp/><ref refid="structStackElem_1a10738a73416aebcfd5ac662aee983903" kindref="member">data</ref>;</highlight></codeline>
<codeline lineno="6" refid="structStackElem_1ac0bd15f0c18b20c41b2954494fc3b048" refkind="member"><highlight class="normal"><sp/><sp/><ref refid="structStackElem" kindref="compound">StackElem</ref><sp/>*<ref refid="structStackElem_1ac0bd15f0c18b20c41b2954494fc3b048" kindref="member">next</ref>;</highlight></codeline>
<codeline lineno="7"><highlight class="normal">};</highlight></codeline>
<codeline lineno="8"><highlight class="normal"></highlight></codeline>
<codeline lineno="9"><highlight class="normal"></highlight></codeline>
<codeline lineno="10" refid="classStack" refkind="compound"><highlight class="normal"></highlight><highlight class="keyword">class<sp/></highlight><highlight class="normal"><ref refid="classStack" kindref="compound">Stack</ref></highlight></codeline>
<codeline lineno="11"><highlight class="normal">{</highlight></codeline>
<codeline lineno="12"><highlight class="normal"><sp/></highlight><highlight class="keyword">public</highlight><highlight class="normal">:</highlight></codeline>
<codeline lineno="13"><highlight class="normal"><sp/><sp/><ref refid="classStack_1a14cd1cba325bead4ff0a91bc6eb0f6f5" kindref="member">Stack</ref>();<sp/></highlight></codeline>
<codeline lineno="14"><highlight class="normal"><sp/><sp/><ref refid="classStack_1a14cd1cba325bead4ff0a91bc6eb0f6f5" kindref="member">Stack</ref>();</highlight></codeline>
<codeline lineno="15"><highlight class="normal"><sp/><sp/></highlight></codeline>
<codeline lineno="16"><highlight class="normal"><sp/><sp/></highlight><highlight class="keywordtype">void</highlight><highlight class="normal"><sp/><ref refid="classStack_1a4140b49e86ca78412f6a82c63b1c2865" kindref="member">PUSH</ref>(</highlight><highlight class="keywordtype">int</highlight><highlight class="normal"><sp/>x);</highlight></codeline>
<codeline lineno="17"><highlight class="normal"><sp/><sp/></highlight><highlight class="keywordtype">int</highlight><highlight class="normal"><sp/><ref refid="classStack_1a804d828b172c6651b2535c4c2f55fc67" kindref="member">POP</ref>();<sp/><sp/></highlight></codeline>
<codeline lineno="18"><highlight class="normal"></highlight></codeline>
<codeline lineno="19"><highlight class="normal"><sp/></highlight><highlight class="keyword">private</highlight><highlight class="normal">:</highlight></codeline>
<codeline lineno="20"><highlight class="normal"><sp/><sp/><ref refid="structStackElem" kindref="compound">StackElem</ref><sp/>*head;</highlight></codeline>
<codeline lineno="21"><highlight class="normal">};</highlight></codeline>
    </programlisting>
    <location file="stack.h"/>
  </compounddef>
</doxygen>
